"BLM		",perimeter_sum_km,area_avg_km2,total_area_km2
"0		",12220,1877.419355,116400
"0.000000001			",8680,2792.682927,114500
"0.00000001			",8180,3005.263158,114200
"0.0000001			",7420,3821.875,122300
"0.000001			",5680,6042.105263,114800
"0.00001		",3260,28325,113300
"0.0001				",2680,28300,113200
"0.001				",2840,37800,113400
"0.01		",2820,37800,113400
"0.1				",2600,18866.66667,113200
"1			",2720,28325,113300
